{"global_step": 117607, "_timestamp": 1719875676.9467738, "_runtime": 246.30694365501404, "_step": 4691, "charts/episodic_return": 242.32833862304688, "charts/episodic_length": 54.0, "modelselection/metalearner_normalized_episodic_return": 0.24232834577560425, "modelselection/baselearner_0_episodic_return": 0.19135524332523346, "charts/learning_rate": 0.009999999776482582, "losses/value_loss": 0.1453012079000473, "losses/policy_loss": 0.12597505748271942, "losses/entropy": 29.10789680480957, "losses/old_approx_kl": 5.555972099304199, "losses/approx_kl": 5.037098407745361, "losses/clipfrac": 0.972607433795929, "losses/explained_variance": 0.7758258581161499, "charts/SPS": 485.0, "modelselection/learning_rate": 0.009999999776482582, "modelselection/selected_base_learner": 0.0, "modelselection/baselearner_1_episodic_return": 0.24232834577560425, "modelselection/baselearner_2_episodic_return": 0.20719318091869354, "modelselection/baselearner_3_episodic_return": 0.12029989808797836, "modelselection/baselearner_4_episodic_return": 0.09152417629957199, "modelselection/baselearner_5_episodic_return": 0.08154023438692093, "modelselection/baselearner_6_episodic_return": 0.1049148291349411, "modelselection/baselearner_7_episodic_return": 0.20061616599559784, "modelselection/baselearner_8_episodic_return": 0.11347285658121109, "modelselection/baselearner_9_episodic_return": 0.09866642206907272}